{"cameraMode":{"drawMode":0,"name":"Shaded","section":"Shading Mode"},"sceneLighting":true,"audioPlay":false,"sceneViewState":{"showFog":true,"showMaterialUpdate":false,"showSkybox":true,"showFlares":true,"showImageEffects":true,"showParticleSystems":true},"in2DMode":false,"pivot":{"x":338.8927001953125,"y":197.25123596191407,"z":-6.26519775390625},"rotation":{"x":-0.0026911948807537557,"y":0.0003084906784351915,"z":0.000019305258319946006,"w":1.0000134706497193},"size":566.8941040039063,"orthographic":false}